{
"lengthUnit": "mil",
"components": {
	"fields": ["COMPONENT_NO", "COMPONENT_NAME", "LAYER", "X_COORDINATE", "Y_COORDINATE", "ANGLE"],
	"rows": [
		[1, "H2", "T", 168.11, -470.47, 90],
		[2, "H3", "T", 650, -855, 180],
		[3, "U1", "T", 680, -325, 180]
	]
},
"pins": {
	"fields": ["PIN_NO", "PIN_NAME", "PIN_X", "PIN_Y", "LAYER", "PIN_TYPE", "NET_NAME", "NET_TYPE", "PAD_SHAPE", "PAD_SIZEX", "PAD_SIZEY", "HOLE_SIZE", "PAD_ANGLE"],
	"rows": [
		[1, "H2_1", 218.11, -720.47, "T", "DIP", "H2_1", "", "R", 66.93, 66.93, 43.31, 90],
		[2, "H2_1", 218.11, -720.47, "B", "DIP", "H2_1", "", "R", 66.93, 66.93, 43.31, 90],
		[3, "H2_2", 118.11, -720.47, "T", "DIP", "VCC3V3", "", "C", 66.93, 66.93, 43.31, 90],
		[4, "H2_2", 118.11, -720.47, "B", "DIP", "VCC3V3", "", "C", 66.93, 66.93, 43.31, 90],
		[5, "H2_3", 218.11, -620.47, "T", "DIP", "GND", "GND", "C", 66.93, 66.93, 43.31, 90],
		[6, "H2_3", 218.11, -620.47, "B", "DIP", "GND", "GND", "C", 66.93, 66.93, 43.31, 90],
		[7, "H2_4", 118.11, -620.47, "T", "DIP", "RX", "", "C", 66.93, 66.93, 43.31, 90],
		[8, "H2_4", 118.11, -620.47, "B", "DIP", "RX", "", "C", 66.93, 66.93, 43.31, 90],
		[9, "H2_5", 218.11, -520.47, "T", "DIP", "TX", "", "C", 66.93, 66.93, 43.31, 90],
		[10, "H2_5", 218.11, -520.47, "B", "DIP", "TX", "", "C", 66.93, 66.93, 43.31, 90],
		[11, "H2_6", 118.11, -520.47, "T", "DIP", "H2_6", "", "C", 66.93, 66.93, 43.31, 90],
		[12, "H2_6", 118.11, -520.47, "B", "DIP", "H2_6", "", "C", 66.93, 66.93, 43.31, 90],
		[13, "H2_7", 218.11, -420.47, "T", "DIP", "H2_7", "", "C", 66.93, 66.93, 43.31, 90],
		[14, "H2_7", 218.11, -420.47, "B", "DIP", "H2_7", "", "C", 66.93, 66.93, 43.31, 90],
		[15, "H2_8", 118.11, -420.47, "T", "DIP", "GND", "GND", "C", 66.93, 66.93, 43.31, 90],
		[16, "H2_8", 118.11, -420.47, "B", "DIP", "GND", "GND", "C", 66.93, 66.93, 43.31, 90],
		[17, "H2_9", 218.11, -320.47, "T", "DIP", "BEEP", "", "C", 66.93, 66.93, 43.31, 90],
		[18, "H2_9", 218.11, -320.47, "B", "DIP", "BEEP", "", "C", 66.93, 66.93, 43.31, 90],
		[19, "H2_10", 118.11, -320.47, "T", "DIP", "H2_10", "", "C", 66.93, 66.93, 43.31, 90],
		[20, "H2_10", 118.11, -320.47, "B", "DIP", "H2_10", "", "C", 66.93, 66.93, 43.31, 90],
		[21, "H2_11", 218.11, -220.47, "T", "DIP", "H2_11", "", "C", 66.93, 66.93, 43.31, 90],
		[22, "H2_11", 218.11, -220.47, "B", "DIP", "H2_11", "", "C", 66.93, 66.93, 43.31, 90],
		[23, "H2_12", 118.11, -220.47, "T", "DIP", "H2_12", "", "C", 66.93, 66.93, 43.31, 90],
		[24, "H2_12", 118.11, -220.47, "B", "DIP", "H2_12", "", "C", 66.93, 66.93, 43.31, 90],
		[25, "H3_1", 800, -855, "T", "DIP", "VCC3V3", "", "R", 66.93, 66.93, 43.31, 180],
		[26, "H3_1", 800, -855, "B", "DIP", "VCC3V3", "", "R", 66.93, 66.93, 43.31, 180],
		[27, "H3_2", 700, -855, "T", "DIP", "TX", "", "C", 66.93, 66.93, 43.31, 180],
		[28, "H3_2", 700, -855, "B", "DIP", "TX", "", "C", 66.93, 66.93, 43.31, 180],
		[29, "H3_3", 600, -855, "T", "DIP", "RX", "", "C", 66.93, 66.93, 43.31, 180],
		[30, "H3_3", 600, -855, "B", "DIP", "RX", "", "C", 66.93, 66.93, 43.31, 180],
		[31, "H3_4", 500, -855, "T", "DIP", "GND", "GND", "C", 66.93, 66.93, 43.31, 180],
		[32, "H3_4", 500, -855, "B", "DIP", "GND", "GND", "C", 66.93, 66.93, 43.31, 180],
		[33, "U1_1", 542.2, -325, "T", "DIP", "BEEP", "", "C", 60, 60, 36, 180],
		[34, "U1_1", 542.2, -325, "B", "DIP", "BEEP", "", "C", 60, 60, 36, 180],
		[35, "U1_2", 817.8, -325, "T", "DIP", "GND", "GND", "C", 60, 60, 36, 180],
		[36, "U1_2", 817.8, -325, "B", "DIP", "GND", "GND", "C", 60, 60, 36, 180]
	]
}
}